employee_id,average_quiz_score,average_discipline,average_punctuality,average_teamwork,average_communication,average_problem_solving
00d2187a-b241-40c8-9e78-c95758936814,0.0,1.0,4.0,3.0,4.0,3.0
037d631f-cbf1-4415-a38b-b05997f8e00c,4.8,1.8,3.2,3.2,1.4,2.6
04b95527-2277-4b8f-a558-59fb07ef3b88,1.0,0.0,4.0,4.0,4.0,2.0
04d3d6b2-22d1-497c-8561-50bda550fa05,6.0,3.0,0.0,4.0,3.0,0.0
053b5fa2-8afb-42fc-bba2-8a70c2522bb4,0.0,2.0,5.0,2.0,0.0,5.0
058737cc-def0-4002-b812-401eaa67b408,8.0,2.0,4.0,2.0,1.0,1.0
05917927-03b7-4b93-ad11-668d654ab1bb,2.0,0.0,3.0,5.0,0.0,3.0
061f6ac6-d0f9-4e34-90b9-66677f6015bb,4.0,2.0,2.5,1.0,3.0,0.5
06a530bc-6c67-49d6-a61b-97cb58baa807,0.0,5.0,0.0,0.0,5.0,4.0
076590ba-51ef-4db4-a6ff-a2d755c3fbd5,7.0,3.5,2.0,3.0,3.0,1.5
07800a24-4cbe-4983-916a-d6a137a86512,3.5,2.5,1.0,0.5,0.5,4.0
07fcbc86-078a-4f93-9b50-7e9934d76363,7.2,2.6,3.8,1.6,2.4,2.2
08560c28-cb4e-411c-b83c-b6ebcadfeabf,5.0,3.5,1.0,5.0,2.5,2.5
08603562-4788-4790-a07e-b161c94776ce,1.0,0.5,1.0,4.0,3.0,2.0
09b15bbd-b3a7-46be-8312-5015799bbeb0,3.0,4.0,2.0,2.0,0.0,5.0
09db3051-946f-4c1f-8211-bcb2a974c5a6,9.5,1.0,3.5,2.5,3.5,1.0
0ad1baef-3c14-425b-9373-4f3c5d1768fe,7.0,2.0,3.5,2.0,3.5,2.0
0ae1842d-ce1e-4bc7-a0a6-89f5caee4846,1.5,0.5,2.5,3.0,1.5,4.5
0afe2409-de4f-4faf-b828-6f53136762e2,3.0,3.0,5.0,4.0,2.0,1.0
0b699a73-4f45-44c1-abe0-00fc474458df,5.5,4.5,2.0,0.0,3.0,2.0
0b6dc80e-22c6-4c49-a4ee-790a5578bebc,1.5,4.0,1.0,3.0,0.5,2.0
0ba60c6b-a299-46ef-b5a2-fbc12a6311fe,1.0,2.0,2.5,5.0,3.0,2.5
0bcd5dfe-9702-407c-ade0-3d89254b06db,9.0,3.0,0.0,1.0,1.0,5.0
0be950b3-013b-4bd3-9b31-fedf5f72aab9,3.0,2.0,4.0,3.0,2.0,3.0
0c154cc1-e29d-4fd1-a3a0-77c094341a23,8.5,2.0,2.0,3.5,2.5,1.5
0c1d53b2-c9ba-43b1-9b6a-30546453e3bd,3.0,2.0,0.0,0.0,3.0,0.0
0ca5bb9e-8c7d-4257-b4fe-6b5ccbf0f33f,3.5,2.5,2.0,1.0,1.0,1.5
0e0d7748-c83a-4056-a394-1bddf48cf6d4,2.0,4.0,4.0,3.0,1.0,4.0
0e231365-fc5d-47b5-b6d6-a8a79487c4c9,3.75,1.25,0.75,3.25,2.0,3.0
0e876ee3-c6ce-4373-81ba-b5b8c46c07a6,1.0,3.0,0.0,4.0,2.5,2.0
0eb56f8c-69de-44b6-b6f4-be0ca248c8af,4.5,1.0,1.5,0.0,3.0,2.0
0f19d72c-5ee5-4505-9a6f-da78c051aa5f,0.0,5.0,2.0,5.0,4.0,4.0
0f22f0cd-ff01-4e00-8294-e05983241fc5,7.0,1.0,3.0,0.0,5.0,5.0
0f9017c5-3593-48cb-84f2-cf901df9d021,6.0,3.5,3.5,5.0,5.0,3.5
10a73861-007f-40c9-ac83-aa8510833544,1.0,2.5,3.0,1.0,3.5,2.5
110a6554-f3ab-4cbc-95dd-022ee0fc132f,5.0,1.6666666666666667,4.333333333333333,2.6666666666666665,3.0,2.3333333333333335
1163c5bd-c9fd-4fcb-8b60-036fa36b13fb,0.0,4.0,2.0,4.0,3.0,5.0
11fa49ee-e7cb-4d86-8a11-ebe7b03cfedc,6.0,3.0,5.0,1.5,1.0,1.5
1296a6bb-3e25-4e53-8497-2705106b376c,0.0,3.0,2.5,3.5,4.0,2.5
138e43ad-816e-4a81-adbc-80c0772f6976,3.0,4.0,0.0,4.0,3.0,2.0
13b29702-c247-4f50-a9ef-7360161cd3d2,5.0,5.0,5.0,5.0,1.0,2.0
1469d657-705c-45ab-8224-9bef2cc11d14,2.0,0.0,3.0,0.0,5.0,0.0
14a97e33-d9a7-497e-ac7c-05216ad6f392,7.0,2.0,3.5,2.5,1.5,2.0
14f83d66-e9cc-41a3-9b06-f631c8624b85,1.0,5.0,5.0,2.0,2.0,1.0
15d2bbaf-bad5-4715-8273-c205dba466cd,0.5,1.5,4.5,2.0,1.0,3.0
162e9513-4d74-402d-a2c8-3d3a8ef6b04a,2.5,2.0,2.5,2.5,2.5,2.5
163f6763-5594-4a5e-8ee1-7016b64b485d,2.0,5.0,1.0,5.0,4.0,1.0
16dca292-177d-4035-96fb-5e133f52f98d,4.0,0.0,1.0,2.0,5.0,2.0
1737513f-d77e-456c-be59-cda8090a339c,6.5,2.5,1.0,4.0,1.0,0.5
17801be6-77c6-4b3e-952a-5a556234e77e,0.0,4.0,0.0,4.0,5.0,4.0
17ca062e-3e48-4d26-9a7a-4c183c054041,2.0,3.0,3.0,4.0,2.5,2.5
17e60b35-6225-41d2-9df0-44603d189577,8.0,3.0,3.0,0.0,1.0,1.0
18060e5a-5d48-4f67-a963-a96ac7a6bc1b,4.5,3.0,1.0,2.0,4.5,1.5
180c7771-a2a0-4bf7-9e41-8c27e8fbca14,6.0,1.0,3.0,4.0,4.0,3.0
19ffc2df-bfcd-4146-96ff-ade27d5ffdf5,6.5,1.0,1.0,4.0,2.5,5.0
1a7956d5-425a-49b2-943c-0810eae23dcc,4.0,0.0,5.0,0.0,0.0,0.0
1a8120fc-61fa-4282-8d5a-734edf26411d,5.5,0.0,1.0,2.0,4.0,4.0
1b267fff-85d3-4652-96e7-a29316144896,9.0,2.0,2.0,2.0,3.0,0.0
1d0f65c4-5a25-4c80-8dbc-313c397f548a,0.0,4.0,5.0,5.0,0.0,2.0
1daa63c5-29c8-4d1b-a23e-4fef71c3539c,7.5,1.5,2.0,3.5,2.0,2.0
1de51ad5-51f5-4fa5-a414-622b9883939f,4.0,2.5,2.5,1.0,2.5,3.0
1debce4c-80d3-4e62-a0fa-4d14b05cde1d,9.0,4.0,1.0,4.0,3.0,5.0
1e1663e4-efac-4611-9050-682c6da2aca3,5.5,2.0,4.0,1.0,2.5,1.0
1e2b8316-7b7b-4342-bd3b-f10ae47046eb,5.333333333333333,1.6666666666666667,2.0,2.6666666666666665,3.3333333333333335,1.0
1e5b04c1-c303-485e-aae3-c1bf44a2cdfd,10.0,0.0,2.0,3.0,2.0,1.0
1ee75e08-0a87-4ef0-a49f-e71c41cc5592,3.0,3.0,3.0,0.0,3.0,4.5
1ef6be9e-5836-476c-ae42-849130cee935,1.0,2.0,3.0,0.0,3.0,2.0
1f64b325-c302-4cb4-8a46-7d00f66ba775,6.5,4.5,3.5,2.0,4.5,0.5
1f66020a-9db5-4eab-9066-68f1927e4dcb,4.0,2.0,2.0,2.75,2.5,2.25
1f847e28-b758-490b-97ce-f623fb1cc6ab,1.0,3.0,0.0,3.0,1.0,0.0
1fa806e1-e128-4eb7-a8a5-de596ddab1e1,1.0,3.0,1.0,4.0,1.0,2.0
1fd98e21-6d28-412f-b3b4-af6bd2e589a9,3.0,5.0,3.0,4.0,1.0,4.0
20a6b614-32fb-41f0-a6cf-421e2f61e6a5,4.5,2.0,3.0,2.0,3.5,2.0
21153ff4-e75d-41a3-8f78-84092454c118,5.25,1.5,3.25,2.25,1.75,3.0
21763826-1f32-44f5-b31d-ab3f8af4fdd4,9.0,2.0,3.0,5.0,1.0,4.0
219cb777-c189-484c-a2e4-c532a14a767d,3.0,2.5,4.0,3.0,3.0,4.0
22147a24-9514-46e4-971a-f7b9addde74e,3.0,5.0,3.0,1.0,0.0,4.0
2240ffcc-ddd8-4c65-b578-aff401bd2add,1.0,2.0,1.0,3.0,4.0,1.0
23863cdf-dc8b-4ea7-9437-d81085f12931,3.0,1.0,3.0,4.0,5.0,4.0
2393a8a6-44c9-4445-b95d-bb1576e169da,8.0,3.0,1.0,2.0,4.0,1.0
23a229d7-366f-4665-9f1d-ecb4b8700a18,8.0,3.5,1.5,2.5,0.0,0.5
24755c0b-93eb-48c9-b9e4-03831ab76f05,6.0,0.0,4.0,0.0,3.0,3.0
2482d111-900e-4321-a0e9-8a688acff58e,8.0,1.0,0.0,0.0,3.0,5.0
24e22d78-4b3e-4218-8107-93fd9a0bc6ce,3.0,1.0,3.0,5.0,3.0,5.0
250ea640-5926-4f6e-b155-216937bd11b9,3.0,1.0,4.0,1.0,3.0,0.0
2548a1ea-6389-42d8-aa6e-5e41d17e16df,1.5,0.0,1.5,2.0,2.0,1.0
2548acdd-1ff0-49fe-bb25-e7f44a3b2077,2.0,3.0,2.0,3.0,4.0,3.0
254dc0c3-faa0-4471-803d-2f4669182325,4.0,0.0,0.0,3.0,3.0,4.0
25cabdd5-d4f5-42e7-8eb2-c433c0cf5bdf,5.0,3.0,1.5,2.5,2.0,3.5
25ef2d65-4a29-4c9d-8df5-21d95e2d46c5,9.0,5.0,5.0,2.0,2.0,5.0
2675b789-fc64-4fcc-9175-7426713467a4,2.0,5.0,3.0,4.0,2.0,3.0
2678c9f1-74e9-4f75-a25c-13da8a6f327c,10.0,5.0,2.0,5.0,4.0,5.0
27a5aea5-cc53-48f9-9f0e-666d65738fcf,5.0,0.0,1.0,1.0,0.0,2.0
27fcb83b-81ac-4675-8842-4e285cb03fb2,6.5,1.5,3.5,2.0,2.5,3.0
28bd1709-50a7-4914-a572-13d2f91bd8ee,1.6666666666666667,2.0,3.6666666666666665,4.0,2.0,1.3333333333333333
290204dc-1746-48bc-969f-4dd58a2db688,1.0,5.0,0.0,2.0,3.0,0.0
29128333-9ad4-4ee6-875c-ed2221f72f3a,7.5,3.5,1.0,2.0,2.0,1.0
2927721d-5185-462f-9d97-545a42fa4333,8.0,5.0,1.0,3.0,3.0,4.0
296f60d2-d9b1-4202-a62c-f18a8c113dd3,1.0,2.0,2.0,5.0,3.0,5.0
29b4c235-471d-4ca4-9611-68c492fbe529,6.75,2.0,3.0,1.25,2.5,1.75
2a3b8b56-5f6d-46f4-9d46-5744f85c194c,6.0,0.0,0.0,4.0,2.0,0.0
2a474797-3337-4496-80a5-ae286ca5db05,4.5,2.5,3.5,2.0,5.0,3.0
2a47ee05-def6-43e0-b6de-1c92553579a1,6.0,1.5,1.5,0.5,2.0,1.5
2b313a66-f724-4ce7-ac9a-58b5b2c68f79,5.0,3.0,4.0,3.0,2.0,4.0
2b4f2272-4f65-4351-8625-c4854fcb642c,5.0,3.0,5.0,5.0,1.0,1.0
2baeba02-ab4d-4408-80e9-237c4f4f3d72,10.0,1.0,2.0,4.0,4.0,5.0
2bc719df-62cc-4ba6-ab1e-e0cfc0d4d3d7,7.0,0.5,4.5,0.5,5.0,2.0
2d0b459b-0a42-4907-8352-16477a35a8d6,2.0,4.0,3.5,2.5,3.0,3.5
2d35124a-8349-4973-8e17-8f7b5160dfd6,0.0,5.0,1.0,1.0,1.0,2.0
2db82503-b36e-49eb-bd57-f96fa611cd44,1.0,4.0,2.0,2.0,5.0,3.0
2dd39e8e-5010-4b6c-b5f7-50436e8599d0,1.0,0.0,4.0,4.0,3.0,2.0
2dd924ce-c50f-4256-97d7-aa611dc23343,5.666666666666667,1.0,2.6666666666666665,2.0,2.3333333333333335,2.3333333333333335
2ebaf4d9-6f50-4358-8c39-bc4bec7dea47,4.0,2.0,2.0,1.0,3.0,3.0
2f39b729-35b8-4119-9125-054c41cc85e1,7.0,4.0,5.0,5.0,4.0,3.0
2f61b674-48b1-4ba3-9fb5-711119ace2b8,0.0,0.0,3.0,1.0,5.0,5.0
2f7809f3-44c9-4280-ae71-c895d49bdcf5,0.0,0.0,3.0,1.0,2.0,0.0
306a08b2-4c98-479b-9c7d-dd7a2052fd2e,4.0,2.75,3.25,2.5,2.5,4.25
31206c4d-3ee0-412c-bd0a-d38838b3bc33,10.0,3.0,5.0,4.0,0.0,0.0
31863acc-6521-461b-be4a-955de2884847,2.0,0.0,2.0,4.0,4.0,1.0
31a15653-9564-4a99-8637-13a596f0e862,4.0,1.0,3.0,0.0,5.0,4.0
32241f95-05d2-4eaf-95c0-fc2e7487917b,4.0,0.0,2.0,2.0,2.0,0.0
3282f983-2017-4f3e-8ced-affe86a5d32c,3.5,1.5,5.0,2.0,2.5,0.5
329bc972-7e59-452a-8c79-7843a01421bd,4.666666666666667,3.6666666666666665,1.0,3.0,3.0,3.0
32bb06a2-fd25-46c2-8401-187898cd562a,3.5,5.0,0.0,2.0,2.0,2.0
339de3c8-2eca-4860-979e-1434eb7b328b,7.0,4.5,1.5,1.0,2.5,2.0
34e57dcc-39fe-4f32-85be-cfba14b63ec2,6.0,2.0,1.0,1.0,5.0,4.0
35125512-5f77-4fc2-8d6b-78d205b8038e,4.0,2.0,2.0,2.0,0.0,4.0
3519131e-db83-4fdd-85d6-449c6690ae42,5.5,1.5,2.5,2.5,2.5,2.0
35aabeab-de60-4989-9358-2b9cd560ae57,1.0,2.5,1.0,1.0,3.0,3.0
35df1f4f-eb75-4e41-903f-af922052fd64,7.0,2.0,1.0,4.0,2.0,1.0
360333e1-2aa8-4d4b-8d14-41d21b3a2e8b,0.0,0.0,5.0,3.0,4.0,1.0
3626436d-4d33-45b6-a550-c15628219d41,8.0,3.0,2.5,2.5,3.0,2.5
3665d362-bf65-427c-a904-84b71f536636,10.0,2.0,2.0,3.0,1.0,1.0
36a02f86-8c97-43a1-84c6-ba7b0f3fbba0,3.5,1.5,3.0,4.0,2.0,0.5
36d98188-1847-425d-8734-36333927cff2,7.0,1.0,5.0,3.0,2.0,4.0
3786b797-84b6-40cf-8dde-305cc33fe5a8,3.5,4.0,2.0,0.0,5.0,3.5
3940c26d-77c1-4840-a7a8-81bc819ecca9,10.0,0.0,3.0,1.0,5.0,5.0
3a019bd6-5bf6-4cfa-a4dc-3983b984ec21,8.0,3.0,2.0,2.0,4.5,3.5
3a03d953-798b-496f-bed6-98e213394e6b,9.0,1.0,5.0,4.0,5.0,3.0
3a1fa48c-88c0-4c71-b742-8242a9451017,0.0,0.0,2.0,0.0,5.0,2.0
3a40fee7-38db-440d-8ff2-c3ae9e236fba,6.0,3.0,4.0,0.0,2.0,4.0
3b255410-ba36-42bb-aeed-640bb896c6ca,5.0,1.0,5.0,3.0,2.0,4.0
3b51acbc-ea56-4e6d-a4cc-8d66432e0a41,10.0,5.0,2.0,3.0,3.0,4.0
3b9c79d8-c4cd-4809-aa3f-66c03bfe158e,0.0,1.5,4.5,2.0,4.0,3.0
3bbdc5b2-5f04-4291-9eff-547049c15944,2.5,3.5,1.5,2.5,1.0,1.5
3c0c3c40-e8b2-4de6-b469-889acc5adb00,8.0,0.6666666666666666,3.3333333333333335,3.6666666666666665,4.666666666666667,1.0
3e1e0959-8a32-45d4-b411-f3a7906e7f23,1.0,0.0,5.0,1.0,3.0,3.0
3ea772f2-c76a-43c7-8682-a2fc7d4313b6,3.0,5.0,4.0,0.0,3.0,1.0
3f100064-b442-4d1a-8e1e-9820a76208de,4.5,3.5,2.0,5.0,2.0,2.5
3f2993e0-bfe3-4c27-87a9-510bae80cc46,3.0,3.5,3.0,3.5,2.5,5.0
3f38488d-fd89-4dd7-94d5-4d526c47c1f8,4.0,2.0,2.5,4.5,2.0,0.5
3f689e4c-bd4b-4592-8a07-d3c8176feedd,5.333333333333333,2.6666666666666665,2.0,2.6666666666666665,1.6666666666666667,2.3333333333333335
40bb83f4-8550-4694-a618-6ee44b70c63f,1.6666666666666667,3.0,2.0,2.6666666666666665,3.3333333333333335,2.6666666666666665
41395ec2-485c-43f1-85b1-cb9249490421,5.0,4.0,3.0,2.0,4.0,4.0
414b204b-7106-43dd-b4e2-d3712660cfe6,4.0,2.0,4.0,2.0,2.0,2.5
4190f92e-366d-40ce-b32d-f43fb933c733,2.5,1.5,5.0,4.0,3.0,4.0
419bfc2e-1403-4d64-b29e-2f43aeee4807,4.0,1.3333333333333333,3.3333333333333335,2.6666666666666665,1.6666666666666667,4.333333333333333
42e83dbb-b760-4e3b-86fb-6a513f40a32b,8.0,3.0,5.0,2.0,5.0,1.0
43e9c502-cd3d-47ce-a2b5-165e8e21ed54,5.0,4.5,4.0,0.5,1.5,1.5
4475c0dc-32b9-45e6-b102-2dc6928057f9,9.0,3.0,2.0,4.0,1.0,1.0
44778a74-fcde-41f1-9a2c-978a42912356,2.5,4.0,0.5,2.5,4.0,4.5
447b9a45-e2aa-4ddb-87b8-7e8871375ed7,10.0,4.0,2.0,3.0,1.0,4.0
4577631e-a133-4309-a1bb-794c38965e15,6.5,5.0,2.5,0.0,0.5,2.5
45864c32-d9f9-4638-90dc-8ca13fd29cd1,3.5,3.0,4.5,3.5,3.0,1.5
45dcb2c6-0242-4050-a320-73a40ea3c095,9.0,3.0,1.0,1.0,1.0,0.0
461c2023-7c63-42af-9015-6f0247be1ff7,10.0,5.0,0.0,3.0,2.0,3.0
475d9f62-b7b2-4545-be92-648ee21f2251,6.0,1.3333333333333333,5.0,2.3333333333333335,0.6666666666666666,2.6666666666666665
4784b567-64cb-4086-9b98-7e07a916e42b,1.5,1.0,1.5,2.0,4.5,1.5
47f2069d-b9bf-41e7-96df-7189059e64c3,3.0,3.0,3.0,3.0,1.5,2.0
4813e6a4-400a-41eb-bcab-ac16a906af60,4.0,4.0,2.0,5.0,1.0,1.0
4814db80-9233-4d7f-ae82-534efd1cb894,7.0,4.0,5.0,3.0,0.0,1.0
486cf087-eeea-4730-87c8-0d07ea665ed2,3.3333333333333335,2.0,3.0,1.0,2.6666666666666665,3.3333333333333335
486f07fc-4c57-4f13-a63d-893208ad9877,10.0,2.0,5.0,2.0,5.0,5.0
49875654-c64d-46c6-ae0f-fbd77523e295,8.5,2.0,2.5,3.5,3.0,3.5
49d5387a-bd47-456b-9a85-1608584e601f,10.0,0.0,0.0,0.0,0.0,1.0
4a93df8c-49fb-4f10-b0f3-fe25040b726e,3.0,4.0,1.0,4.0,0.0,2.0
4a9a29d3-96b9-410c-9644-825ac42ef7d7,6.333333333333333,3.6666666666666665,2.3333333333333335,2.0,2.0,4.333333333333333
4ab83ae7-bde2-4af2-9668-77ad34298464,1.0,3.5,2.5,2.5,3.0,3.5
4bd45ca6-2ccc-451e-96a0-3961152b49d7,1.0,1.0,5.0,5.0,5.0,4.0
4c4f0f62-48e1-4469-a2c9-cd4d5b2c1320,3.0,1.0,1.0,1.0,5.0,1.0
4c97c5c3-4cb6-40d0-9155-da39c067238c,4.333333333333333,1.6666666666666667,0.0,1.6666666666666667,2.3333333333333335,4.0
4cddd747-06d7-4dc7-833c-eb75b0963517,6.0,0.0,2.0,2.0,0.0,1.0
4d1d10f3-843d-47f9-9a29-78d5f4e6e04e,8.0,0.0,5.0,0.0,3.0,2.0
4d3124ad-419a-47bd-bfbb-169a2683ea19,2.0,0.0,0.0,5.0,4.0,0.0
4d93baf2-5737-4783-94d3-be5b7e5a3194,5.5,0.0,3.0,2.0,3.5,3.0
4dc6bd3d-e2e6-43fa-bf33-fda4d31034ff,3.0,1.0,3.0,0.0,1.0,1.0
4efa7c1a-1f5e-4888-8928-e5596270ce11,4.0,2.5,4.0,2.5,2.5,3.5
4f177e80-c262-4eda-9c5d-354fcd451e43,3.25,2.25,3.25,1.5,2.5,3.0
4f67422c-1c13-4afc-9f42-973354af6c79,2.0,3.0,0.0,3.0,2.0,4.0
4fa724c0-d759-472b-9b72-d5f6cca15ee0,5.666666666666667,1.6666666666666667,1.0,1.6666666666666667,0.3333333333333333,3.3333333333333335
4fc5bc7f-c87d-4bcb-accc-3583ac45c547,3.0,1.0,1.5,2.5,2.5,2.5
4fc9fc29-1367-41e2-a082-b7bf79800fd1,3.0,3.0,2.0,5.0,5.0,5.0
50a96b25-1ea5-4863-b8dc-3dfa49c80ab0,4.0,0.0,2.0,4.0,1.0,1.0
50c9cb3f-fbea-4cc7-8d28-6d14ec94d5f8,2.5,4.0,1.0,2.0,2.0,1.5
50e7a7f1-e004-4e4b-89e8-aa646ec935fb,5.0,1.0,5.0,4.0,2.0,1.0
510eab50-7f54-4ad5-acd7-a6692eca39f2,2.0,4.0,4.0,4.0,1.0,5.0
523b57b9-261a-4192-8bd1-900fc62b0e46,5.0,2.6666666666666665,1.6666666666666667,0.6666666666666666,3.0,3.0
524cb450-03c2-48d8-9e49-abe9eddf74c2,7.0,3.0,2.5,2.5,2.5,3.5
52df65f6-aaa5-4b19-a28d-cb57e8f58338,1.0,5.0,1.0,4.0,3.0,1.0
5318e919-0e75-4337-8c45-30a873af342f,6.0,2.0,0.0,1.0,4.0,0.0
531bbc85-2837-4e0a-baab-60b638006ca5,9.5,0.5,1.0,3.0,3.5,1.5
5326c6fc-90d3-4bf4-9136-b5a4ffaf535e,6.0,4.0,5.0,2.0,1.0,5.0
547f3e2c-7fa4-484c-8cc9-93505529671a,3.5,0.5,3.5,1.5,4.0,1.5
54aba2b9-5831-461e-8feb-17fde6a49565,1.5,3.5,1.5,4.5,5.0,1.5
54e68b17-e888-430a-b8e2-f4c99608af10,8.0,3.0,0.0,0.0,4.0,5.0
54f5eb67-41e7-408c-97f0-9700d3cdd14f,4.0,0.3333333333333333,1.6666666666666667,2.0,3.3333333333333335,2.3333333333333335
5517cad1-2b04-4a12-bdb8-a689b573b762,3.5,4.5,0.5,0.0,2.5,2.0
55eaa679-c847-413e-a086-702aa90729ad,0.0,3.0,4.0,5.0,2.0,4.0
561ace45-4673-4cce-a78b-84db2a6b5b9e,9.0,0.0,5.0,3.0,5.0,0.0
566775b9-1a9f-4d3b-8d89-9b02b05d2d8d,5.5,3.0,1.5,2.5,0.5,3.0
569812fc-916f-4e9d-bc8e-3f486ffc048a,9.0,0.5,3.5,3.0,2.0,2.5
57661f71-e384-4130-bff3-14e2e655ff85,5.0,0.0,2.0,0.0,5.0,5.0
5866a5f3-1632-4f16-80a9-a341ac14cdd9,4.0,4.0,2.5,5.0,3.5,4.0
587ac75e-ec57-47b7-808e-17396b33d209,1.0,4.0,3.5,3.0,4.0,3.5
58c690cb-a74b-4e04-a371-85ec8f9acfc3,8.5,1.0,4.5,4.0,3.0,3.5
58fd962b-1fe8-4644-89db-0a5764ca59d7,7.0,3.0,4.0,2.0,3.0,1.0
59220b46-1dec-450b-9189-286554971af9,5.5,3.0,3.5,3.0,3.0,2.0
599be0a9-d5b1-41e2-96a9-ce18eec13773,6.5,4.0,5.0,2.5,5.0,0.5
59e27b7f-28e5-49f8-87e0-a7b7e73c68f8,0.0,1.0,4.0,4.0,5.0,3.0
5a6b44b5-aedf-4688-8d03-c942cd80f4f2,3.5,2.0,3.5,0.5,2.0,1.5
5acbe9ea-5239-4961-8550-cbf62ddf6523,2.75,2.0,2.25,2.75,1.75,3.0
5b9795c1-b68a-4512-b81f-44b96c9bb2f9,6.333333333333333,3.3333333333333335,4.666666666666667,3.6666666666666665,3.3333333333333335,1.0
5c2f278d-d205-42cb-bf88-b19eb10c77e2,6.5,3.0,1.5,2.0,2.5,3.5
5c3d7c32-731b-4294-89f2-f86bef4de004,5.0,0.0,4.0,3.0,2.0,3.0
5dce8a36-ab25-4a31-9944-851f3bf21cff,6.0,2.0,5.0,2.0,3.0,2.0
5de24da3-6092-4cd8-a5ed-6fd077435202,3.0,4.0,4.0,1.0,2.0,4.0
5eaed277-e2fe-458d-a14a-3bff3e91fcf1,1.5,3.0,3.5,3.5,2.5,3.5
5ebf3189-ced1-41d2-8fed-45c2f409f28f,8.0,5.0,4.0,0.0,2.0,4.0
5ebfb14a-fd9b-4e55-986c-2d555ce7424c,8.0,2.0,1.0,1.0,0.0,0.0
5f213213-f2e4-4e4e-aea0-d7e22e114113,9.0,2.0,5.0,2.0,4.0,1.0
5f61b554-9b65-48ed-bc18-60940376a1cd,5.0,2.0,5.0,1.0,0.0,1.0
5f908a75-9938-4433-ac63-8d36ccef1568,8.0,1.0,3.5,4.0,3.5,3.5
5ff06ae1-a35a-45fa-95b5-a72d15967fe0,9.5,3.5,3.0,1.0,2.0,3.0
601047ef-597c-4fef-a2e7-39c9d40a266b,5.0,0.5,2.5,1.5,3.0,2.5
60871e79-6317-4736-b59d-5c4717749b63,1.0,1.5,2.0,2.5,3.0,3.0
6091a5bf-e0a3-4846-8898-88da45056c5e,7.0,3.5,3.0,1.5,3.0,3.0
61abc6df-e108-4e5a-83dd-b2b09ee1faa3,9.0,1.0,5.0,4.0,0.0,1.0
61e99019-0934-48ef-8768-90b34d379155,5.0,5.0,2.0,2.0,5.0,3.0
6270cd18-025b-4cd0-8645-f99f6c26502f,0.0,0.0,2.0,3.0,5.0,3.0
62b9d62c-0618-4156-a22c-dcad5a4ee483,2.0,4.0,0.0,1.0,1.0,1.0
62f2c830-be52-4b31-be21-2a274e16d921,3.0,0.0,4.0,3.0,4.0,3.0
62f398f1-b078-4c6d-b4fa-c921a39e3d93,7.5,2.0,1.5,1.0,3.5,2.5
646771ee-f005-4f76-b0c6-8f719ee97d37,2.0,4.0,5.0,2.0,3.0,2.0
646c92ff-01c8-490f-80c5-fddf51b30881,5.666666666666667,2.3333333333333335,4.333333333333333,1.6666666666666667,2.0,3.6666666666666665
64c7a172-6e8e-48c8-8bc9-782f85d839d8,5.0,2.5,3.0,1.0,3.0,2.5
6571dc5b-d38e-4122-9548-742a1ed87469,9.5,1.5,1.0,3.5,5.0,1.0
66811a23-bb0b-4844-a8e3-95ab48d9b612,6.0,1.0,5.0,0.0,3.0,1.0
671f3f4b-a90d-435e-b7d6-4445296ed699,7.0,4.0,3.0,2.0,4.0,1.0
679687b3-d8e7-4701-a326-b28c16c01cc1,6.0,3.6666666666666665,1.3333333333333333,3.3333333333333335,3.0,3.3333333333333335
67cab448-4eb3-419f-bf5d-1cd90484d48e,3.5,0.5,3.0,1.5,0.5,1.5
68937a8f-6457-4e7a-bf73-79363ed9196b,4.0,0.0,1.0,0.0,2.0,3.0
68fef5e5-5fdc-467f-b6f5-d07cf7c8a6e2,3.5,3.5,1.5,2.0,1.0,3.0
69370daf-db19-4f51-83d8-502856c7d088,7.0,0.0,3.0,5.0,2.0,4.0
69e36f4b-394a-4406-a74b-e7a2185f0b2d,8.0,4.0,0.0,4.0,4.0,2.0
6a7ede73-c510-48af-96a8-caff9e8b84c9,3.5,5.0,2.5,4.0,1.5,2.5
6bdae649-6000-451f-9e73-3b1ff499b730,4.0,1.3333333333333333,2.3333333333333335,3.3333333333333335,2.0,2.3333333333333335
6c9a579b-1f6c-4f8c-8bb1-95d9385493f3,9.0,0.0,4.0,4.0,5.0,1.0
6d26810f-e953-4c65-a62d-e8554819e7e3,2.0,3.0,3.0,4.0,0.0,5.0
6da0ac81-6017-41e6-93ea-081f5dc1b285,8.5,1.5,4.0,0.5,0.5,3.5
6e1d64ce-fa52-4299-90b3-281233352ca7,9.5,3.5,2.5,1.0,1.5,2.0
6e60c182-7c9f-446f-9a4d-a4e222691794,4.5,2.5,5.0,3.0,1.0,2.0
6f6a06c1-f3c6-4b2d-a139-c58c12c44a2f,4.0,4.0,4.0,3.0,5.0,4.0
6f723633-9360-4447-ab7d-72a3923ff4ce,5.5,3.5,1.5,2.0,2.5,3.0
7014ed50-cfb4-4b25-b2d7-9b0e02e9df28,2.0,0.0,2.0,2.0,0.0,4.0
703fc30c-a8fe-4a9f-a4ac-82a6352011a1,5.0,3.0,0.0,4.0,5.0,5.0
70e48a15-7cbd-4a81-9dae-c23ca7217850,6.0,4.0,5.0,4.0,4.0,4.0
71314895-3a0a-4162-88de-4805246cb79c,0.0,2.0,1.0,1.0,5.0,1.0
7185108e-79f0-4921-bcd6-9169a995892a,5.0,3.5,0.5,1.0,5.0,1.5
729b7957-baf7-481f-aec7-fa13f57eb1da,3.0,5.0,1.0,4.5,3.5,1.0
72e7d9af-0c2e-40d1-9e52-dada77f8564b,4.0,1.5,2.0,2.5,4.0,5.0
72f3e8ea-d29d-43de-a30d-f8f2e8389fc3,6.333333333333333,2.6666666666666665,3.0,1.6666666666666667,3.3333333333333335,2.3333333333333335
734375a1-883b-47ba-af88-21b625c19fa3,6.5,0.5,1.5,0.5,3.0,4.0
7358d74d-1b38-4004-8a57-4bf2a6a05e5a,3.0,3.0,0.0,3.0,0.0,3.5
742113fe-a809-411b-a0ad-5e88acf79e29,2.5,2.5,2.0,1.0,2.5,4.5
7432aa64-8318-4449-b291-3a8c1103ef2c,5.333333333333333,0.6666666666666666,2.3333333333333335,2.3333333333333335,3.6666666666666665,1.6666666666666667
745af59f-af59-4a65-83ae-3ce7836db18a,3.0,1.0,1.0,2.5,1.5,1.5
74a2348e-36c6-4471-94fb-35f9a9315216,3.5,3.5,1.5,3.0,2.0,2.0
74dcf967-6889-4a4b-b62c-ba8b7993e35e,0.0,4.0,5.0,3.0,0.0,4.0
74f0119d-7984-4675-8537-6a6f6e43cdcd,3.0,2.0,3.0,3.0,0.0,3.0
756cbd50-07d7-4926-a257-faa3b234e053,0.0,2.0,2.0,0.0,3.0,1.0
75e4fe11-7919-48b2-ab08-5764eb16ae46,4.5,5.0,4.0,2.0,3.0,1.5
76a2a311-38e8-4656-bb57-920910a0946a,10.0,1.0,0.0,3.0,5.0,5.0
76c29262-b725-4e74-b815-d97d2829694a,6.0,2.5,3.5,0.5,1.5,3.0
771910f3-1228-4b4e-99e9-fa70a913e436,7.0,5.0,1.0,1.0,4.0,0.0
77244155-aa1c-42f6-958d-9382c1dfb983,10.0,0.0,1.0,3.0,4.0,5.0
783bafea-c9dd-40cc-a65b-dbb8e17b759d,3.0,2.0,4.0,2.0,5.0,1.0
79409e04-51c8-4b78-aef1-05dae396d0f8,5.5,0.0,2.5,1.0,3.0,2.0
7a093c2e-e5ba-4552-bb6a-a369d277be9f,3.5,2.0,1.0,4.5,3.0,2.0
7a549c6a-abac-49c6-a5a2-0e223f66d029,5.0,5.0,1.0,0.0,1.0,5.0
7abcc475-1beb-4d92-bdc6-4efec9ae0443,3.0,4.0,0.0,5.0,0.0,1.0
7ac308da-de1b-445c-a242-09ca5cf994e5,9.0,3.0,4.0,4.0,0.0,2.0
7b4bad95-c96e-4dcc-af7f-833be1d9eda4,4.0,5.0,2.0,5.0,4.0,1.0
7b708278-fa71-4e07-a6aa-474f5799f42e,6.5,3.0,1.5,2.0,4.0,1.5
7bbdedd6-e4df-4444-82dc-ba82e0868463,5.0,2.5,1.5,3.0,4.0,3.0
7beb00d0-95b8-480f-a955-ed2e9f4b1493,9.0,3.0,5.0,3.0,3.0,3.0
7c59417d-68e9-42f8-a7bd-10411ae73993,1.0,5.0,4.0,1.0,5.0,3.0
7ca49d32-be40-498e-994a-468b7275bd45,8.0,2.0,4.0,4.0,2.0,1.0
7d1e8a88-9597-4329-9724-be5d92b098f2,9.0,1.0,1.0,4.0,3.0,2.0
7d23548c-4c96-4296-92b0-19629844a62a,2.0,4.0,2.0,1.0,1.0,5.0
7d657428-aba4-4ece-9c3c-beaa96539224,4.0,4.333333333333333,3.6666666666666665,1.6666666666666667,2.3333333333333335,2.0
7dda42d5-f99f-4314-af67-34f547558cd4,3.5,0.5,1.5,3.0,0.5,1.5
7e24f98d-e224-4e98-85ac-bd11269f5c32,5.0,0.0,4.0,2.0,1.0,5.0
7e39c504-8979-4819-8a94-183ff210993a,9.0,1.0,5.0,4.0,4.0,0.0
7e3c2558-e98a-4d3a-aad2-e08e099ef989,7.5,2.5,3.0,3.5,3.0,1.5
7e74c0e1-1410-4369-b9b0-601d5291d831,2.0,5.0,2.0,0.0,3.0,3.0
7e75d967-a79e-4922-bd0e-96b6dcf37fae,9.0,2.0,3.0,5.0,0.0,5.0
7e9a4954-b6c5-4846-b127-70272bc5fb31,5.0,5.0,1.0,4.0,0.0,2.0
7eaa22f4-4c26-4506-8882-e977ea60fc20,0.0,4.0,4.0,2.0,3.5,4.5
7f1262e0-6647-4fa3-b4db-c437b1cf3ab3,2.5,1.5,2.0,1.5,1.0,3.5
7f5ea17c-49af-4b2a-a634-80a66a44ab45,7.5,1.5,4.0,5.0,2.0,1.5
8031ffdc-d44c-4b68-97b8-0a5c131e7165,3.0,3.5,1.0,3.0,2.0,2.5
8050c9d4-83d2-4138-b68a-30a14f2d9261,6.0,1.3333333333333333,2.3333333333333335,2.3333333333333335,3.3333333333333335,2.0
80a712ff-1ea6-4916-9d9b-7851c49396d8,9.0,0.0,1.0,2.0,2.0,5.0
81381f32-8f23-4740-8429-5397cfcea171,9.0,2.0,2.0,0.0,5.0,5.0
813f8799-31f1-4df1-a69a-9b9c58a32b73,0.0,5.0,5.0,2.0,0.0,4.0
81689793-f53b-438c-9e0e-5fcc70bbbeb1,3.0,0.0,4.0,4.0,0.0,5.0
81c3da8a-ae74-4005-8f05-a7ad6cdcf117,10.0,4.0,0.0,4.0,0.0,5.0
827efa8e-aa15-4735-831c-ac5d1f89fa63,3.0,2.0,3.0,2.0,4.0,2.0
8283e83c-7d33-4e11-a641-95f85c8d64d0,6.5,2.5,3.5,2.5,1.5,4.5
82fc536c-9e3d-4a68-866f-a92c03497bf8,6.0,3.0,0.0,0.0,4.0,5.0
83db6227-b9bd-44f8-b430-c94c3958aee0,7.0,3.0,1.0,4.0,0.0,4.0
8451cd91-cda6-4650-be4d-33e3eb3c7891,8.0,3.0,2.0,4.0,4.0,1.0
84a32830-6023-4b56-abd9-a26b64cc5447,6.0,2.0,3.0,2.0,3.5,0.0
865559da-6306-4fc7-aa64-13bb16125fa7,2.0,1.5,3.0,2.5,4.0,2.0
86613062-61ec-40cd-a457-b3e749a21a18,7.5,1.5,3.0,2.0,4.0,1.5
868cfe74-38e1-4f59-bd16-f01cc01e4a34,4.0,1.0,4.0,0.0,2.0,0.0
86d48489-a024-4835-8507-62564599b311,5.666666666666667,4.0,1.6666666666666667,3.0,3.3333333333333335,2.3333333333333335
86dea117-55d5-415f-948f-b85aa431d23a,2.0,3.0,1.0,3.0,2.0,0.0
8711bb02-9255-4159-8829-dff736d3e74e,10.0,4.5,2.0,0.5,1.5,2.5
8741b9fc-f4b9-4000-ba46-897e1dee6b56,8.0,2.0,3.0,0.0,5.0,1.0
876f2d1b-9d05-471d-988c-6fec5f93423c,3.0,0.0,2.0,5.0,4.0,0.0
87ccc8bd-4ea1-48d5-b4b5-3c59ecc031f0,0.0,5.0,5.0,0.0,0.0,0.0
88bfacba-c330-48fc-b9f7-b421b81418bb,7.0,3.0,2.0,2.0,2.0,0.0
8901b473-5abf-4c9b-900a-eca7654983a4,2.5,2.0,3.0,1.5,4.0,3.5
89bef04d-6fd1-445c-b879-0dbf236281f7,6.0,1.0,4.0,0.0,5.0,0.0
89c3a375-f3ac-4770-abbf-80caf225bc49,5.333333333333333,2.6666666666666665,0.6666666666666666,1.6666666666666667,3.0,3.0
8a1c4821-f87c-4759-bfd3-f9b357e28ec9,3.5,2.0,1.0,4.5,2.0,3.5
8a5de037-b0d4-40f7-8488-61723c55af0c,6.0,3.0,2.5,2.0,3.0,2.0
8ad0b0e0-357b-40d9-9ea3-27d87a9a1be9,6.5,2.0,1.5,3.0,2.5,3.5
8b2d774e-3f8e-4edc-b3d7-3ebea3e51063,7.0,4.5,3.0,2.0,5.0,1.0
8be5b78b-5557-44b2-ad03-04d74f6685aa,3.0,5.0,0.0,3.0,2.0,2.0
8c0844dd-013a-44ce-b098-aa0fbaf01a3a,1.0,4.0,0.0,2.0,0.0,5.0
8ccb2b9f-f86a-493e-9bb2-a06eb1b7e872,0.0,2.0,1.0,5.0,5.0,1.0
8d1a4691-cc02-49a5-8687-34161ad15fdc,6.0,4.0,4.0,2.0,2.0,3.0
8d27c1e4-a3de-4d9b-ac38-4735cffad3ff,2.0,0.0,1.0,4.0,3.0,0.0
8dc4e465-e8f6-4d65-9aaa-8831ceb273e8,4.0,4.0,0.0,4.0,4.0,1.0
8ea604a8-17d9-4652-955c-f0c31a82f14c,6.0,1.0,0.0,4.0,0.0,0.0
8f756563-0f0e-4596-9ca4-21b0eedc6e03,7.0,5.0,5.0,4.0,5.0,0.0
8f8e3d2d-dbdc-4bae-ab8c-0415d4baf57a,10.0,4.0,3.0,3.0,4.0,5.0
8fcd2357-289f-4a10-b55e-b4ceafc7732b,10.0,4.0,2.0,2.0,0.0,0.0
900f60c7-2eb7-489d-a727-77f884202728,7.666666666666667,1.6666666666666667,3.0,3.3333333333333335,3.6666666666666665,2.3333333333333335
90a02ffe-a561-44ae-bcf0-4a905b167338,2.0,4.0,2.0,5.0,1.0,3.0
92431de0-3f30-48a4-b749-ad03459c1700,4.0,0.0,0.0,2.0,1.0,0.0
938a5b55-d026-483a-aa7e-5fb0f2a92e02,0.0,3.0,4.0,0.0,4.0,5.0
93f38736-b193-4ec8-a822-dd5f5e57a15f,10.0,0.0,1.0,2.0,1.0,1.0
942f5c92-ef39-4414-bb54-fe8a7fe673cd,3.0,3.0,4.0,3.3333333333333335,1.6666666666666667,1.3333333333333333
9485c1c7-6a52-4f4b-892a-02c57eb46089,4.0,1.0,2.0,1.0,0.0,4.0
95255845-f6a6-4d69-9641-946c4baa2f5a,2.0,3.0,0.0,3.0,4.0,0.0
959142c1-2211-4170-9ca5-c1b334a71340,9.0,5.0,0.0,5.0,3.0,2.0
95b76e46-c069-4c35-b7a0-bc72a514d191,2.0,0.0,0.0,2.0,4.0,4.0
961a1f27-3e8b-4621-9d89-320a6ea2cfa4,2.5,0.5,0.5,3.5,0.5,3.0
96c7be3a-6ef1-4519-8907-3c993cb3bf4b,0.0,4.0,2.0,2.0,2.0,5.0
986d3d63-651f-460c-8884-27cd521eaed3,5.5,3.5,4.0,3.5,4.0,2.0
98d8907a-f3f7-4cb1-a5ee-37f18360080b,5.0,3.0,3.0,3.5,4.5,2.5
992c3def-0217-4b53-847f-ab606e4e262e,4.5,2.5,2.5,1.0,1.0,1.5
9932b846-232c-43b3-9589-dc0a8c346ab9,6.0,4.0,0.0,4.0,1.0,3.0
99a57bcb-a740-4b6c-8b53-8fcdd0c1c07a,3.5,1.0,2.0,4.5,1.0,2.5
99b991ff-1750-4c72-a6a8-e09ee2655327,2.0,1.0,4.0,3.0,2.0,2.0
99ca7cee-85d4-4008-8888-0a75990c7543,6.0,2.5,2.0,5.0,0.0,2.0
99fcf3f3-ca96-412f-b839-520b9b4db1bb,3.0,5.0,2.0,3.0,5.0,3.0
9bc8102c-1088-4494-a8fb-ddce1cc5c7ec,1.5,3.5,2.0,3.5,2.0,3.0
9cb97bca-adfc-49c4-906b-286ec86fe0dc,3.0,0.0,0.0,2.0,0.0,1.0
9cd9c5aa-82cd-4fe3-b881-fc6815c3e39d,10.0,1.0,2.0,5.0,5.0,5.0
9d3435db-2a3c-4538-b3c7-368d9aa8e6ec,4.0,2.0,5.0,3.0,2.0,3.0
9d78f5b7-f59a-478e-a14c-918ca2b9db87,9.0,3.0,3.0,3.0,0.0,2.0
9d96766e-fa8a-489e-8111-38fed7386ecb,5.5,4.5,0.5,2.5,4.5,3.0
9dc28bd7-e75c-4fe0-b5be-7e4ed6286983,9.5,1.0,2.5,3.0,0.5,3.0
9e2b6527-6cce-4bf5-8fad-32fed897a8a0,0.0,5.0,0.0,3.0,1.0,2.0
9f071c08-1729-430a-8cf3-c31422f21a70,6.0,3.0,3.0,2.5,4.5,2.5
9f07c37d-4367-4dec-bec8-05aa3096148f,3.6666666666666665,3.0,3.6666666666666665,2.0,3.3333333333333335,1.3333333333333333
9fc8a867-4e6a-4990-8208-fb6011460b27,0.0,3.0,4.0,1.0,0.0,3.0
a0fa53a9-dbc9-4ef0-ae64-63758e95361a,5.0,3.5,1.0,3.0,3.0,2.5
a10699fb-5857-4e17-92d0-13a2f124e7c7,3.5,3.5,2.0,2.5,2.5,2.0
a13feef1-92e5-454c-94e5-cbbbb37545c3,4.0,5.0,1.0,0.0,1.0,4.0
a158ac6b-47c2-4223-b65b-5ab71524aa65,5.0,2.0,0.0,3.0,5.0,4.0
a1b1b2ce-8d0d-4953-b4be-74a3c53d6bd4,9.0,1.0,0.0,0.0,4.0,3.0
a24f07f9-684b-49d8-87c1-881f1485ede5,6.0,3.0,1.0,2.0,0.0,5.0
a2740afe-fa3a-4a0b-a04f-79f0113fd9cd,7.0,5.0,0.0,4.0,5.0,0.0
a29c6c54-528c-4d77-a1f6-b7036ffd9403,6.333333333333333,3.3333333333333335,1.3333333333333333,3.0,1.3333333333333333,0.6666666666666666
a36013f4-471c-4c99-8a4a-2cbe5a2a8c91,4.5,2.0,1.5,3.5,3.0,1.5
a371f51e-7a65-4338-b8df-e38941ccb3e5,3.0,4.0,5.0,3.0,5.0,2.0
a3aaa534-7681-4335-80ce-3d178ec92462,5.666666666666667,3.3333333333333335,2.3333333333333335,2.3333333333333335,2.3333333333333335,1.3333333333333333
a574d7ef-d36b-4a35-85cf-02f7b02be3f7,7.0,5.0,0.0,2.0,0.0,2.0
a59bdfaa-f6a1-4051-af01-55cf074403f5,4.0,5.0,4.0,5.0,0.0,1.0
a6606aab-018a-431a-9c65-b6982b49f4ea,4.5,2.0,1.5,1.0,4.5,4.0
a666fa8d-f0ba-4e6d-a949-f8d3c653cb62,5.333333333333333,2.3333333333333335,2.0,3.3333333333333335,2.3333333333333335,1.3333333333333333
a66c4d3b-751a-4910-b396-d83ffd9e7091,3.5,1.5,1.5,3.5,3.5,4.5
a6f3e310-0960-4074-bfc7-d88b8dea6b50,9.0,4.0,4.0,0.0,0.0,4.0
a7550784-7d8f-40a0-b8be-3ad295b8f081,5.0,2.3333333333333335,2.3333333333333335,1.6666666666666667,3.3333333333333335,4.0
a783b95f-f7e4-46f9-be33-86a8d1b92b9f,5.333333333333333,2.6666666666666665,2.6666666666666665,2.6666666666666665,2.0,2.3333333333333335
a7c24f68-0c95-41d0-a944-79708a95aae9,1.0,0.0,5.0,3.0,4.0,3.0
a81d3a37-3a0b-4162-92a0-556c2ee9b500,9.0,0.0,0.0,4.0,5.0,2.0
a8bf341a-b9df-4993-a300-45efc0e1fcfa,8.333333333333334,1.6666666666666667,1.3333333333333333,2.6666666666666665,1.6666666666666667,2.0
a96a4b65-918a-4320-a333-755c7ad72ba2,4.5,0.5,1.0,1.5,1.5,0.0
a9814ffd-7845-4647-ab8d-e5a283625fe2,4.0,3.0,4.0,4.0,3.0,2.0
aa7e0fcb-b5ee-43cf-80f5-1c0696129019,6.333333333333333,3.0,2.3333333333333335,2.3333333333333335,1.3333333333333333,3.0
aaaad151-fb5d-4e18-87bc-7c9ce675583f,2.0,1.0,5.0,3.0,0.0,0.0
ab16336e-fe31-4a7e-9d63-59b10a7a5d96,6.0,5.0,1.0,2.0,4.0,2.0
abb38bb7-0550-4deb-81d7-4d9899e3c292,6.0,2.6666666666666665,2.0,2.0,1.6666666666666667,2.3333333333333335
ac0ca295-7ead-4da8-8f8b-6c875aba97ec,9.5,3.5,3.5,3.5,2.0,0.5
ac193d27-1830-4d04-b8ba-1dea21938550,8.0,2.0,2.0,0.0,3.0,4.0
ac3c8857-3693-4f55-8293-0ab25ed187ed,2.0,3.0,2.5,3.5,3.5,4.5
ac60e07a-588e-428b-9c26-fb014e1d0a2f,8.0,2.0,3.6666666666666665,3.0,2.6666666666666665,2.0
acb6c400-4491-4268-83b9-a7e84eaad443,6.0,4.5,1.5,1.0,3.5,0.5
adfc55ca-7dca-4eab-a50d-75e272ae7867,3.0,1.6666666666666667,3.0,2.3333333333333335,1.6666666666666667,4.0
ae8eafd0-7b8b-4057-85e3-866176967943,3.5,2.5,2.0,3.0,5.0,3.0
af9da679-b684-41cb-849a-815d8ecb06d8,6.0,5.0,0.0,3.0,0.0,0.0
afbafb72-67c7-45fb-8b91-475815d3117d,6.5,3.0,0.5,4.5,1.0,3.0
afe42d68-3729-4c40-a348-88ed2eb3eb55,9.0,4.0,1.0,5.0,1.0,4.0
b0137d0e-212c-42e2-bbfe-f564d8ff1c6c,4.666666666666667,0.6666666666666666,3.6666666666666665,1.0,2.0,1.0
b01fe194-54c3-4ab0-9bd1-f8bbcf7c1291,3.0,5.0,1.0,0.0,2.0,4.0
b034d6cd-ecc1-498f-ae39-df5c658034cb,3.75,2.5,3.25,3.5,2.5,1.75
b09a30bd-3344-476d-a97d-6b5fe810ff47,3.0,4.0,0.0,0.0,4.0,0.0
b0b6046e-5d4f-4199-9703-d90dbf86fb0e,4.5,3.5,4.0,0.0,1.0,3.0
b23b3221-8742-437e-bc85-7c2960c28588,5.666666666666667,3.0,2.3333333333333335,2.3333333333333335,1.3333333333333333,3.3333333333333335
b23d083a-72ac-4cb3-8d60-bfd66a9e86c3,10.0,2.0,3.0,4.0,5.0,0.0
b25d6922-48b1-4136-8474-a65e9b89cf2c,10.0,0.0,4.0,4.0,3.0,5.0
b289a349-e586-45c5-86dd-30f1d858d58e,2.0,3.0,4.0,1.0,2.0,4.0
b2b0570c-2b27-488e-bd7e-fa1069b1e856,2.0,3.0,1.0,4.0,3.0,1.0
b2b708d0-cba6-4fef-a8bc-d4436fdbc903,4.5,3.0,0.0,0.5,1.0,3.5
b2c1ee9f-44f6-42f5-b0d8-3b42412bd27e,3.6666666666666665,1.6666666666666667,3.0,1.6666666666666667,3.3333333333333335,1.6666666666666667
b39cb09b-b51e-4897-a158-70d132f3ee42,9.0,1.0,3.0,2.0,4.0,4.0
b3b07fff-aa90-4a44-ab3d-5a89becbcac7,7.0,4.0,2.0,3.0,4.0,5.0
b44979fe-a571-417f-9acb-16faee7a0802,5.0,5.0,0.0,1.0,1.0,2.0
b5550ad7-9b7c-4645-88bc-28c4149cb575,6.0,3.0,3.0,3.0,1.0,5.0
b69c047d-cd87-4815-be96-b37b6225508e,6.0,2.5,2.0,2.5,4.0,1.5
b6cab7e1-3312-47a2-b70f-7ed7ac50df79,5.0,5.0,3.0,3.0,5.0,5.0
b774dc01-a288-471c-8348-755aff71b65c,5.0,2.0,1.0,1.0,1.0,4.0
b7aaa862-5f10-4ad8-8485-082b52695e76,4.0,0.0,1.0,4.0,4.0,0.0
b7f1e2b3-1ae2-4338-8cb2-528317b3e77e,7.0,3.5,3.0,2.0,2.0,3.5
b80e2747-2f7d-4556-b5ba-2e392480e5db,8.5,0.0,4.0,3.5,3.0,2.5
b87054ef-7900-4244-8896-dc858f6f5207,3.0,1.0,4.0,4.5,3.0,2.0
b88e02cd-601c-4c20-8a3d-a2580d8a67c4,7.0,5.0,2.0,2.0,4.0,4.0
b8e9753e-165e-405b-a299-4a9e068f25bd,1.0,4.0,3.0,3.0,2.0,4.0
b8edc356-988a-44c6-9a32-4d0dbd5fcb10,9.0,1.0,3.0,3.0,4.0,1.0
b90fe888-1841-4856-be52-3c491e6d84a9,10.0,3.0,5.0,5.0,5.0,4.0
b931d9eb-a945-41b2-9784-ae4b0e7270a0,7.0,3.0,5.0,5.0,2.0,0.0
b95d765c-981b-46e1-aa3f-d48a2dc4f237,5.0,3.0,5.0,0.0,4.0,1.0
b9c9f3ee-09ec-4dd7-86e2-56a6c2cea8c6,5.666666666666667,2.3333333333333335,2.6666666666666665,2.6666666666666665,2.3333333333333335,4.333333333333333
b9de2ebc-cfaf-49d4-9cb9-95e627c34e17,3.5,1.0,2.5,3.5,3.5,4.0
b9eca5f6-2498-41ea-aceb-ef0e291c920c,2.0,4.0,4.0,2.0,4.0,3.0
ba2e3a60-fa30-45d8-9a2e-791c444ad0fa,6.0,1.0,0.5,2.0,2.5,4.0
ba60250f-cd59-434a-a6fc-261723f81206,4.0,2.3333333333333335,2.0,2.0,0.6666666666666666,1.0
bb5a9c48-1660-43fb-9b71-d8583aba3155,5.666666666666667,1.3333333333333333,3.0,1.3333333333333333,2.3333333333333335,3.0
bb612a31-e168-4956-b36f-0ff49418952b,3.0,2.0,2.0,2.0,1.0,5.0
bba33685-48da-4ecf-8975-008f9c7f5997,9.0,3.0,4.5,4.0,1.0,1.0
bbb9090f-ea50-40d6-abf9-897e19fc49ff,4.0,0.0,2.0,0.0,3.0,1.0
bccc1e64-c330-4934-8713-ab96f4bd9fc0,1.0,4.0,5.0,4.0,3.0,0.0
bd8824fb-ad3b-4bea-aa80-22335b44095b,5.0,2.0,2.0,0.0,0.0,1.0
bda71339-5447-4b3b-aa02-f80a3c3a3d7f,5.0,2.0,2.0,5.0,2.0,0.0
bddbcba3-b2e9-4dd4-b039-457b4fb232f3,2.0,2.0,1.0,3.0,1.0,4.0
be3fcc24-0d50-4e7d-95e5-e7d631c7ed4d,4.666666666666667,1.3333333333333333,2.3333333333333335,2.6666666666666665,5.0,2.3333333333333335
beda8642-445e-4bd5-8926-b872835ea87c,3.0,3.0,0.0,2.0,0.0,5.0
bf8d6acb-de79-4a66-b0d3-a420c35d96b5,5.5,4.5,3.0,2.5,2.0,4.0
bfa29316-ed29-4eb7-842d-7a99a81b292c,5.0,3.0,3.0,5.0,0.0,4.0
c1b0eda0-87f5-4033-9d4f-9dce44005c65,3.0,1.3333333333333333,2.0,2.6666666666666665,3.6666666666666665,2.0
c1b686f5-42dd-4c05-9b08-e8685d17525a,6.0,3.0,4.0,2.0,2.3333333333333335,2.0
c1f44dec-b004-470e-8a53-940d5a8d346b,5.0,3.0,3.3333333333333335,2.0,3.3333333333333335,4.333333333333333
c2b07ec3-92b8-4b94-b725-cb0bf7fcdcc1,7.0,4.0,5.0,4.0,2.0,4.0
c2bf55b2-d299-4ed7-bcc0-dcda264b928b,2.0,1.0,0.0,4.0,2.0,2.0
c2c955ee-33dc-4395-9204-a48e798cb74d,6.0,4.0,1.5,1.0,1.5,3.0
c3c33ed2-0004-4710-a8e3-4dba4a3bd7af,4.0,0.5,1.0,3.0,3.0,3.0
c407901d-1e2d-43d7-b3bc-a6b481f22d67,9.0,4.0,2.0,4.0,5.0,2.0
c46e9ca5-fa59-494b-9704-099b64f61006,6.5,4.0,3.0,4.5,3.5,3.0
c60896db-484b-42a0-950a-2e69f29afb40,5.666666666666667,3.0,3.6666666666666665,2.0,1.6666666666666667,3.3333333333333335
c63f607f-df12-4991-a697-28724e0bbded,0.0,5.0,4.0,4.0,5.0,0.0
c655fe06-a81e-430f-b480-c1c8d7a22065,7.0,3.0,1.5,3.5,1.0,2.5
c658d992-e7d2-4e73-a493-4f0fc5bd7deb,1.0,1.0,2.0,1.0,2.0,4.0
c71a3b5d-c629-4c1b-974c-7a5a4274b34a,2.0,5.0,4.0,5.0,4.0,1.0
c7bcd2f2-8773-4c4d-ac76-f1ea583af35f,4.0,3.0,2.0,0.0,0.0,2.0
c7d695de-715d-4799-a7d7-541c4e2c3f32,6.0,2.0,0.0,1.0,1.0,5.0
c7fb6510-feb1-4f9a-9713-89eb235fb11c,5.0,0.0,0.0,4.0,2.0,1.0
c8ca0b52-c0d1-43a5-8828-750702b2bf3d,2.5,3.0,2.5,3.0,3.5,1.0
c900a243-c377-4695-b142-c33fb2c1652e,3.0,2.5,0.5,1.5,3.0,1.0
c9112727-5891-4ddd-a6b6-cf012e581464,8.0,5.0,5.0,0.0,3.0,4.0
ca0def07-6216-46bb-9192-8e86dfb34a2c,7.0,2.6666666666666665,1.0,2.3333333333333335,2.6666666666666665,2.0
ca53e913-e8d0-447b-910e-4ccb861f4c0b,8.0,2.5,2.0,4.5,3.5,3.5
caa5a389-cc9f-40e7-9994-7e08a3576fbd,8.0,5.0,4.0,0.5,3.5,0.0
cae064d3-3197-44f6-a220-118bf2c422e1,6.0,0.0,0.0,5.0,2.0,4.0
cb58a430-9b79-46ce-aa5c-2440f16ea188,4.0,1.0,3.0,2.0,4.0,4.0
cb80555f-e458-4af8-9288-2e58d42f88c4,5.5,2.75,3.0,2.25,2.0,2.75
cbbba012-869c-4735-8ff2-249083e24dd5,5.666666666666667,2.3333333333333335,3.0,1.6666666666666667,2.0,2.6666666666666665
cd0227ba-d6b2-4988-beb8-b15a9539cba0,5.0,4.0,4.0,1.0,5.0,1.0
ce4c8696-0b3a-4ad9-ac89-95c915af2d7b,4.0,3.0,5.0,1.5,3.5,1.5
ce80481e-0b88-4789-8cad-32ae59522493,6.0,3.3333333333333335,1.6666666666666667,2.6666666666666665,2.3333333333333335,4.666666666666667
cebe0888-9978-48bb-b767-8622bfb786e2,7.0,0.0,0.0,0.0,4.0,1.0
cf994638-6f8b-4aab-a860-c6618b2e58ba,8.0,3.0,2.0,4.0,4.0,1.0
cfb091fd-c2df-4203-b5ff-2d4309f3d7b6,0.0,5.0,2.0,2.0,1.0,1.0
cfd0f404-a8c0-4ef3-93bc-e907e01cfd2d,4.0,1.5,0.5,4.5,3.0,4.0
d18754b4-499f-472c-bddd-267dafa68258,1.0,3.0,0.0,2.0,0.0,5.0
d1911e38-30aa-48ec-8f9c-812ed66f6aaa,1.0,5.0,5.0,0.0,1.0,1.0
d1996c7f-e273-4bdb-a575-70469353b13d,3.0,3.5,2.5,4.5,1.5,3.5
d20b251c-9b3e-49ca-b2c3-4756da9014fd,3.0,1.0,1.0,0.0,3.0,1.0
d2190acc-0bcb-4889-b1de-b73439d69be4,5.0,5.0,5.0,2.0,0.0,5.0
d24c4f86-a792-4577-89c5-edd29727c984,1.0,3.0,4.0,1.0,5.0,3.0
d24db8da-291c-4741-844b-93f5530f4ffa,6.0,0.0,2.0,5.0,1.0,1.0
d2da06c3-1f9c-43df-b49b-d72c31cb8e75,6.0,5.0,0.0,3.0,0.0,1.0
d2f60939-2e79-42de-9de9-170e81998b31,10.0,1.0,2.0,5.0,3.0,4.0
d33fef47-2ef7-4737-a934-e778a74f011f,3.0,1.0,0.0,3.0,5.0,5.0
d35a92e2-f076-474c-bd6e-8e723bcf53b9,10.0,4.0,5.0,0.0,2.0,0.0
d38e1111-909c-4839-bb50-e6e25513286d,5.0,1.0,4.0,1.0,5.0,0.0
d39e775c-eb82-4717-9725-ca36ba78074c,3.0,2.0,5.0,0.0,4.0,0.0
d3ea2c16-fffe-48d9-a461-b03a1ca8b59f,1.0,4.0,4.0,5.0,2.0,1.0
d45e5c7c-4448-42c5-b818-57c781cc724b,10.0,1.0,1.0,5.0,3.0,0.0
d4602c1c-c07b-47e9-b190-fd066e1d30b7,5.5,3.0,2.5,1.5,2.5,4.5
d47c19be-6899-47e4-8676-2832ec3dd063,0.0,2.0,5.0,0.0,1.0,4.0
d516a3a1-e506-4ddc-a066-b48c6d202b40,9.0,2.0,3.0,1.0,5.0,1.0
d52539ec-3f4e-462d-8215-6b65187eec2c,5.0,1.0,2.5,3.5,4.0,1.0
d55656ce-5368-4587-9084-4a9727d22ed4,10.0,3.0,0.0,4.0,2.0,3.0
d6440c80-80b3-4329-a025-34d1f2265a82,9.0,5.0,2.0,0.0,2.0,0.0
d691ab64-74ce-4129-9567-de324c8ad220,7.0,1.6666666666666667,2.6666666666666665,1.6666666666666667,3.0,3.0
d77a4a70-1519-45f6-87a7-185b92a60780,4.0,4.0,5.0,3.0,2.0,3.0
d77c2a5b-9e30-42ae-ab99-83d2b9ac72b2,9.0,4.0,5.0,2.0,5.0,5.0
d8824376-38cc-4440-ba1d-631292ffb6fa,1.6666666666666667,3.6666666666666665,2.3333333333333335,4.0,2.6666666666666665,2.3333333333333335
d8bf4567-9bd9-4a8f-a325-c5a79099fe55,5.0,2.6666666666666665,1.6666666666666667,3.6666666666666665,2.6666666666666665,2.0
d91778f7-7463-4200-98a4-c20659605df7,2.0,3.0,1.5,3.0,4.0,3.0
d9210690-7c41-4931-909c-704032f05047,3.5,1.0,2.0,2.0,1.0,2.5
d98e46fd-428f-4726-9269-242c2d9133b9,9.0,1.5,2.5,1.5,4.5,2.5
d9a85b40-611b-44d5-8109-713b6b9da421,10.0,4.0,4.0,5.0,2.0,2.0
d9b9789b-c1a2-4be4-9eef-a60a99972920,5.0,0.0,3.0,2.0,4.0,1.0
d9c5ba95-e047-4198-9029-62a430962aff,3.0,5.0,5.0,4.0,5.0,1.0
daaf2a20-30ce-4800-ab72-118b610af121,3.5,3.5,0.5,3.5,3.0,2.0
db2c8e5e-09f7-45a1-b3a8-efcb2edbebf6,10.0,2.0,4.0,0.0,4.0,0.0
db4e74ce-3904-4d35-a68a-b5917589eae8,2.5,3.5,2.0,4.0,2.0,4.5
db6c4db8-419a-4fb2-852c-45ebbae2b96c,9.0,3.0,3.0,5.0,0.0,1.0
dbf67229-8311-437d-a710-d4f8637818ae,4.0,5.0,2.0,4.0,0.0,2.0
dc1298d1-5e57-404b-b487-88169b60271c,3.0,1.0,3.0,1.0,0.0,1.0
dca04dd9-f478-4ee4-947d-b203709ec239,4.666666666666667,3.6666666666666665,2.0,1.6666666666666667,3.0,1.3333333333333333
dcaa24b3-abeb-44d8-9ebc-224ee5e83338,0.0,4.0,1.5,2.0,3.0,2.5
dcca943f-c32e-464d-9e64-c4d0fedcfc55,7.0,4.0,3.0,0.0,1.0,2.0
dd0d222b-29e7-4f26-8d3c-fcba25c65a90,0.0,4.0,3.0,3.0,1.0,3.0
dd601e55-5fa4-47d3-92af-c9bbf1673522,5.0,2.0,1.0,3.0,1.0,4.0
ddc71d3e-667d-4518-82a1-ab37a1441382,3.0,3.0,1.0,4.0,1.0,0.0
dddcb8ea-8553-4de4-b6dc-d2bac880c77e,1.5,3.5,3.5,1.5,4.0,2.5
dddd1fa0-9945-465f-9587-305e0fd63819,3.6666666666666665,3.0,3.0,3.6666666666666665,3.0,2.3333333333333335
de5fcc06-6862-4531-8a32-7d2d69675ebd,8.0,3.5,2.5,2.0,1.5,1.5
de5fcd4e-d229-4d9f-b000-2147689a88c8,5.5,2.5,4.0,5.0,2.0,0.0
dea861a0-176a-4f3a-9a5e-dc4fe64b6dee,5.0,5.0,1.0,3.0,0.0,2.0
ded8a83c-6b11-4d9b-8bac-26a48091732b,8.0,1.0,1.0,2.0,0.0,5.0
df164953-aefb-4449-9627-0df55f6d3ba7,2.5,1.5,1.0,2.5,2.5,2.5
df3c8432-8635-4769-b632-cbf83a0a1aa4,5.0,5.0,1.0,2.0,2.0,5.0
dfaa7018-0f6b-4480-951e-12b81a2cfe5f,10.0,0.0,5.0,4.0,4.0,0.0
dfbb2611-505b-499a-8346-15c38a346ee8,6.0,4.0,3.0,0.0,4.0,4.0
dfda7975-41e2-432f-912b-91295ae707cb,4.0,4.0,3.0,0.0,4.0,5.0
e1515add-3e3e-4a3a-b0e3-4186bcf106ed,2.0,1.0,4.0,1.0,4.0,1.0
e1ed6464-dce3-4ea9-96e2-29e86abedfcc,8.0,3.0,2.5,2.5,2.0,3.0
e24db9fe-cdd5-44de-b279-65666938aade,6.333333333333333,2.6666666666666665,2.6666666666666665,0.6666666666666666,1.3333333333333333,2.0
e277c809-eb64-4dc0-92b7-b8e41b809fd3,7.0,1.0,0.0,1.0,4.0,1.0
e27d6e4f-ac4d-436e-a334-b97ba158a344,1.5,2.0,5.0,2.5,2.0,1.0
e3317c75-875e-4ebb-9d32-296fe8130d47,10.0,3.0,2.0,3.0,0.0,2.0
e35d6cda-e123-4110-b5ff-1f45850c05d3,4.0,2.0,0.0,2.0,1.0,1.0
e3873cd5-051b-4056-93f0-680150fde611,7.0,3.0,1.0,0.0,2.0,3.0
e3f36da4-81e0-4fb4-ad64-159252058cb7,1.0,0.0,0.0,3.0,0.0,4.0
e41c7c8f-95b4-4206-bca9-2a5df8834c14,9.0,0.0,5.0,5.0,2.0,2.0
e428110a-8a87-407a-896e-9529f999bd66,1.0,5.0,5.0,2.0,2.0,2.0
e443db51-0cc8-494c-9ff3-16f631fbaa0d,10.0,1.0,4.0,0.0,4.0,5.0
e525b3ac-dbf6-46d4-a4ca-3574641b1072,5.0,2.0,5.0,0.0,1.0,5.0
e52d83c5-8dd7-4e50-a30d-5af1f5229f1f,5.0,0.0,1.0,3.0,0.0,2.0
e5b981bf-4d8d-4960-bebf-c7fbe0823a2c,9.0,1.0,4.0,2.0,0.0,4.0
e6fc9fee-f4e6-4779-990c-00af3d2a4e48,0.0,2.0,3.0,4.0,5.0,1.0
e75f08b3-970d-4cf6-b020-6182334e1ae8,3.0,2.0,2.5,3.5,2.0,2.5
e7df57a7-aca5-4a77-a3b2-c17222acf4d0,3.0,1.0,2.0,3.0,0.0,3.0
e876a634-6210-4795-86a2-19e03f354dc9,6.5,2.5,3.5,2.0,0.5,3.0
e8a17e7b-e403-4834-921b-fb3d48208eaf,0.0,3.0,4.0,3.0,5.0,1.0
ea6700e6-e893-41d3-8312-c1639b67f8d2,0.0,1.0,0.0,5.0,1.0,3.0
eb3a9019-2b52-4efd-8be1-9935ed38539b,7.0,1.5,2.0,2.5,2.5,3.0
eb43823a-bccd-43e1-9f7b-96031c2314ad,1.0,4.5,2.5,3.0,4.0,3.5
eba5968d-97f8-4695-9d6a-c739870f5f6e,6.5,2.0,2.5,4.0,2.0,4.5
eba625f9-d44c-4495-9379-0c6e843d1d95,0.0,1.0,0.0,2.0,1.0,5.0
ebb04097-6ba8-4076-9e17-d1b181f4ba0a,8.5,3.5,3.0,1.5,2.0,4.0
ebcc2f3c-52f6-4fa6-8b0b-9f688880dcda,1.5,1.5,2.5,1.5,4.5,3.0
ebf78df3-c315-470f-a9f9-27df73a987a8,6.5,3.5,4.5,1.0,2.5,3.5
ecc06776-dd3d-4e97-b21c-96e234b85494,7.0,0.0,1.0,2.0,2.0,1.0
ecf0a619-c91c-4de0-ad02-f6ac7a9de28f,5.0,4.5,0.5,1.0,4.5,1.0
eddbd95b-88f7-4867-9559-b5343e88ef7a,10.0,2.0,3.0,2.0,2.0,4.0
ee81a57e-9847-4401-9bc2-0ab836134fa8,4.0,5.0,1.0,0.0,0.0,5.0
eebdb00b-fbc4-414f-ac6b-4221f8f874fb,3.0,3.0,5.0,2.0,4.0,2.0
eef886aa-c4b6-4705-9a76-0fff2a0e1871,4.333333333333333,3.6666666666666665,2.3333333333333335,1.3333333333333333,1.6666666666666667,4.333333333333333
ef21ed8d-84da-4081-a8a7-76ebde692c26,5.0,3.0,5.0,3.0,0.0,3.0
ef9e9ba9-105d-4b23-92c3-2c0543a39fe3,5.5,1.5,4.0,4.0,3.0,3.0
f0448bb2-d6f1-4a96-bd4c-ad3fcb8e5fa7,8.0,3.0,2.0,3.0,4.0,5.0
f16ac8f8-dec9-4963-b2e8-d6f0b1f3848d,7.333333333333333,1.6666666666666667,0.6666666666666666,1.6666666666666667,3.3333333333333335,2.6666666666666665
f1f06bc2-e86b-4bf4-8f9b-d3c8e4d8c59f,9.0,5.0,2.0,2.0,4.0,5.0
f26e1342-c2f6-4817-bfac-94125ecb5f5d,5.0,4.5,1.5,2.0,1.0,3.0
f2796d05-502a-4bfc-a634-f4316667b14e,6.0,2.0,1.0,2.0,2.0,2.0
f2b9e3ae-4db4-4094-8dbc-e53dae225d18,1.0,1.0,5.0,3.0,0.0,2.0
f2e17f0a-daa3-452a-b18e-ba7c91dc9b22,4.0,1.0,3.0,0.0,3.0,3.0
f304707c-58bd-447c-9657-89e1cf82f219,8.0,3.0,5.0,3.0,4.0,1.0
f328a4b1-1cd3-4dd9-9055-4e81543a7f1b,3.0,1.0,4.0,0.0,3.0,3.0
f371aa40-7d54-454a-a9dd-5457d52609e4,0.0,4.0,2.0,2.0,5.0,5.0
f3f74999-bf18-427a-a5f2-7db33f1b4326,8.0,5.0,4.0,4.0,5.0,3.0
f4b480bc-5787-4c30-b69e-bcda774403bc,4.0,3.5,2.0,3.5,1.5,2.0
f5406751-ecfc-41b4-9a37-e4d6dd118475,4.0,1.0,0.0,5.0,4.0,4.0
f54efa00-68f7-4ec9-bedc-2552875d3932,7.0,3.5,3.5,2.5,2.5,2.0
f71dc513-dd29-4a45-bc88-bcc0f84c8795,4.666666666666667,3.6666666666666665,3.0,4.0,1.6666666666666667,3.6666666666666665
f7732400-1569-4b73-a257-3e43600e5c30,5.666666666666667,3.0,1.3333333333333333,4.0,2.6666666666666665,3.3333333333333335
f7b43da5-c67c-4ba7-8b90-96d039b9b2b1,8.0,1.0,5.0,2.0,0.0,4.0
f7e0346e-48af-419e-b675-eec28b6833de,9.0,4.0,0.0,1.0,0.0,1.0
f7e238da-616b-43f5-9803-3f759fa9cc42,3.0,5.0,1.0,3.0,1.0,5.0
f86c1d24-c6cd-4c94-ace1-befedc90429a,6.0,3.0,5.0,4.0,2.0,2.0
f8c94155-f487-40af-adaa-9d7a5ce117e4,7.0,1.0,0.0,3.0,2.0,2.0
f90e6206-ea81-4ea1-a209-cc0cf8ab4f88,4.666666666666667,2.0,2.6666666666666665,2.6666666666666665,4.0,3.3333333333333335
f97d0b95-d8be-4c04-b40f-b8d26d08e0d4,4.5,1.0,2.5,2.0,2.5,2.5
fa3c0878-eb14-4f60-9609-c98b2ef0f41a,3.0,3.0,4.0,1.0,0.0,3.0
fb804b5b-fc54-458a-bcbe-dbd73b0a0997,0.0,0.0,4.0,4.0,1.0,2.0
fbd0beac-818d-480e-bdbe-89fe7d78c9b2,5.0,1.0,5.0,1.0,2.0,1.0
fbdbf701-aa4f-4202-92f1-772d0a5e3bc7,4.5,3.0,1.5,4.5,3.5,1.0
fbeff339-e5bd-445b-9fe6-b09b5b7ef4a7,6.2,3.6,2.2,2.8,3.6,3.4
fc548610-01bc-4651-b7a4-e7825b4a3c6c,7.0,0.0,0.0,2.0,1.0,3.0
fd7625ae-ab1c-42f7-8a91-2382dc5ba437,3.0,1.0,4.0,0.0,2.0,3.0
fd9a0910-fc97-459d-9db9-7f9fc22b3720,8.0,1.0,3.0,1.0,3.0,3.0
fe58ab60-1a45-4fae-8a26-d8c17c21e0e8,10.0,5.0,3.0,3.0,4.0,4.0
fe7c85d6-554b-48ce-a96b-87096c596217,0.0,4.0,1.0,5.0,3.0,3.0
ff7d8dd0-af0f-41cd-9191-e707804ebb98,8.0,5.0,0.0,3.0,3.0,2.0
ff99d5b7-59a0-43aa-a4a1-19d9b18bcf98,6.0,5.0,3.0,4.0,5.0,5.0
ffeaeb75-2e19-4d1c-a488-28ec9c5e5f34,3.75,2.5,5.0,4.75,2.0,0.75
